timestamp,script,tag,git_commit,git_dirty,json_path,headline
2026-10-01T12:20:10,analyse_acting_npz,generated_subgoal_acting_d50_hh1_lh2_seed42,,False,results/analyse_acting_npz/20261001-122010_generated_subgoal_acting_d50_hh1_lh2_seed42.json,acting_npz_anatomy
2026-10-01T12:20:18,analyse_acting_npz,generated_subgoal_acting_d50_hh2_lh2_budget100_seed42,,False,results/analyse_acting_npz/20261001-122018_generated_subgoal_acting_d50_hh2_lh2_budget100_seed42.json,acting_npz_anatomy
2026-10-01T12:20:23,analyse_acting_npz,generated_subgoal_acting_d50_hh2_lh2_seed42,,False,results/analyse_acting_npz/20261001-122023_generated_subgoal_acting_d50_hh2_lh2_seed42.json,acting_npz_anatomy
2026-10-01T12:20:30,analyse_acting_npz,low_level_reality_gap_d50_hh2_lh2_seed42,,False,results/analyse_acting_npz/20261001-122030_low_level_reality_gap_d50_hh2_lh2_seed42.json,
2026-10-01T12:50:23,analyse_acting_npz,generated_subgoal_acting_d50_hh1_lh2_seed42,,False,results/analyse_acting_npz/20261001-125023_generated_subgoal_acting_d50_hh1_lh2_seed42.json,acting_npz_anatomy
2026-10-01T12:50:29,analyse_acting_npz,generated_subgoal_acting_d50_hh2_lh2_budget100_seed42,,False,results/analyse_acting_npz/20261001-125029_generated_subgoal_acting_d50_hh2_lh2_budget100_seed42.json,acting_npz_anatomy
2026-10-01T12:50:35,analyse_acting_npz,generated_subgoal_acting_d50_hh2_lh2_seed42,,False,results/analyse_acting_npz/20261001-125035_generated_subgoal_acting_d50_hh2_lh2_seed42.json,acting_npz_anatomy
2026-10-01T12:50:41,analyse_acting_npz,low_level_reality_gap_d50_hh2_lh2_seed42,,False,results/analyse_acting_npz/20261001-125041_low_level_reality_gap_d50_hh2_lh2_seed42.json,
2026-10-01T12:51:18,analyse_acting_npz,generated_subgoal_acting_d50_hh1_lh2_seed42,,False,results/analyse_acting_npz/20261001-125118_generated_subgoal_acting_d50_hh1_lh2_seed42.json,acting_npz_anatomy
2026-10-01T12:51:24,analyse_acting_npz,generated_subgoal_acting_d50_hh2_lh2_budget100_seed42,,False,results/analyse_acting_npz/20261001-125124_generated_subgoal_acting_d50_hh2_lh2_budget100_seed42.json,acting_npz_anatomy
2026-10-01T12:51:30,analyse_acting_npz,generated_subgoal_acting_d50_hh2_lh2_seed42,,False,results/analyse_acting_npz/20261001-125130_generated_subgoal_acting_d50_hh2_lh2_seed42.json,acting_npz_anatomy
2026-10-01T12:51:36,analyse_acting_npz,low_level_reality_gap_d50_hh2_lh2_seed42,,False,results/analyse_acting_npz/20261001-125136_low_level_reality_gap_d50_hh2_lh2_seed42.json,
2026-10-01T12:52:03,analyse_acting_npz,generated_subgoal_acting_d50_hh1_lh2_seed42,,False,results/analyse_acting_npz/20261001-125203_generated_subgoal_acting_d50_hh1_lh2_seed42.json,acting_npz_anatomy
2026-10-01T12:52:09,analyse_acting_npz,generated_subgoal_acting_d50_hh2_lh2_budget100_seed42,,False,results/analyse_acting_npz/20261001-125209_generated_subgoal_acting_d50_hh2_lh2_budget100_seed42.json,acting_npz_anatomy
2026-10-01T12:52:15,analyse_acting_npz,generated_subgoal_acting_d50_hh2_lh2_seed42,,False,results/analyse_acting_npz/20261001-125215_generated_subgoal_acting_d50_hh2_lh2_seed42.json,acting_npz_anatomy
2026-10-01T12:52:20,analyse_acting_npz,low_level_reality_gap_d50_hh2_lh2_seed42,,False,results/analyse_acting_npz/20261001-125220_low_level_reality_gap_d50_hh2_lh2_seed42.json,
2026-10-01T12:53:14,analyse_acting_npz,generated_subgoal_acting_d50_hh1_lh2_seed42,,False,results/analyse_acting_npz/20261001-125314_generated_subgoal_acting_d50_hh1_lh2_seed42.json,acting_npz_anatomy
2026-10-01T12:53:19,analyse_acting_npz,generated_subgoal_acting_d50_hh2_lh2_budget100_seed42,,False,results/analyse_acting_npz/20261001-125319_generated_subgoal_acting_d50_hh2_lh2_budget100_seed42.json,acting_npz_anatomy
2026-10-01T12:53:25,analyse_acting_npz,generated_subgoal_acting_d50_hh2_lh2_seed42,,False,results/analyse_acting_npz/20261001-125325_generated_subgoal_acting_d50_hh2_lh2_seed42.json,acting_npz_anatomy
2026-10-01T12:53:37,analyse_acting_npz,oracle_subgoal_acting_d50_hh2_lh2_budget100_seed42,,False,results/analyse_acting_npz/20261001-125337_oracle_subgoal_acting_d50_hh2_lh2_budget100_seed42.json,acting_npz_anatomy
2026-10-01T12:53:43,analyse_acting_npz,oracle_subgoal_acting_d50_hh2_lh2_budget50_seed42,,False,results/analyse_acting_npz/20261001-125343_oracle_subgoal_acting_d50_hh2_lh2_budget50_seed42.json,acting_npz_anatomy
2026-10-01T12:53:49,analyse_acting_npz,oracle_subgoal_acting_d50_hh2_lh5_seed42,,False,results/analyse_acting_npz/20261001-125349_oracle_subgoal_acting_d50_hh2_lh5_seed42.json,acting_npz_anatomy
2026-10-01T12:55:33,analyse_acting_npz,generated_subgoal_acting_d50_hh1_lh2_seed42_frac0.1,,False,results/analyse_acting_npz/20261001-125533_generated_subgoal_acting_d50_hh1_lh2_seed42_frac0.1.json,acting_npz_anatomy
2026-10-01T12:55:39,analyse_acting_npz,generated_subgoal_acting_d50_hh2_lh2_budget100_seed42_frac0.1,,False,results/analyse_acting_npz/20261001-125539_generated_subgoal_acting_d50_hh2_lh2_budget100_seed42_frac0.1.json,acting_npz_anatomy
2026-10-01T12:55:44,analyse_acting_npz,generated_subgoal_acting_d50_hh2_lh2_seed42_frac0.1,,False,results/analyse_acting_npz/20261001-125544_generated_subgoal_acting_d50_hh2_lh2_seed42_frac0.1.json,acting_npz_anatomy
2026-10-01T12:55:50,analyse_acting_npz,oracle_subgoal_acting_d50_hh2_lh2_budget100_seed42_frac0.1,,False,results/analyse_acting_npz/20261001-125550_oracle_subgoal_acting_d50_hh2_lh2_budget100_seed42_frac0.1.json,acting_npz_anatomy
2026-10-01T12:55:56,analyse_acting_npz,oracle_subgoal_acting_d50_hh2_lh2_budget50_seed42_frac0.1,,False,results/analyse_acting_npz/20261001-125556_oracle_subgoal_acting_d50_hh2_lh2_budget50_seed42_frac0.1.json,acting_npz_anatomy
2026-10-01T12:56:02,analyse_acting_npz,oracle_subgoal_acting_d50_hh2_lh5_seed42_frac0.1,,False,results/analyse_acting_npz/20261001-125602_oracle_subgoal_acting_d50_hh2_lh5_seed42_frac0.1.json,acting_npz_anatomy
2026-10-01T12:56:08,analyse_acting_npz,generated_subgoal_acting_d50_hh1_lh2_seed42_frac0.25,,False,results/analyse_acting_npz/20261001-125608_generated_subgoal_acting_d50_hh1_lh2_seed42_frac0.25.json,acting_npz_anatomy
2026-10-01T12:56:14,analyse_acting_npz,generated_subgoal_acting_d50_hh2_lh2_budget100_seed42_frac0.25,,False,results/analyse_acting_npz/20261001-125614_generated_subgoal_acting_d50_hh2_lh2_budget100_seed42_frac0.25.json,acting_npz_anatomy
2026-10-01T12:56:20,analyse_acting_npz,generated_subgoal_acting_d50_hh2_lh2_seed42_frac0.25,,False,results/analyse_acting_npz/20261001-125620_generated_subgoal_acting_d50_hh2_lh2_seed42_frac0.25.json,acting_npz_anatomy
2026-10-01T12:56:26,analyse_acting_npz,oracle_subgoal_acting_d50_hh2_lh2_budget100_seed42_frac0.25,,False,results/analyse_acting_npz/20261001-125626_oracle_subgoal_acting_d50_hh2_lh2_budget100_seed42_frac0.25.json,acting_npz_anatomy
2026-10-01T12:56:32,analyse_acting_npz,oracle_subgoal_acting_d50_hh2_lh2_budget50_seed42_frac0.25,,False,results/analyse_acting_npz/20261001-125632_oracle_subgoal_acting_d50_hh2_lh2_budget50_seed42_frac0.25.json,acting_npz_anatomy
2026-10-01T12:56:38,analyse_acting_npz,oracle_subgoal_acting_d50_hh2_lh5_seed42_frac0.25,,False,results/analyse_acting_npz/20261001-125638_oracle_subgoal_acting_d50_hh2_lh5_seed42_frac0.25.json,acting_npz_anatomy
2026-10-01T12:56:43,analyse_acting_npz,generated_subgoal_acting_d50_hh1_lh2_seed42_frac0.5,,False,results/analyse_acting_npz/20261001-125643_generated_subgoal_acting_d50_hh1_lh2_seed42_frac0.5.json,acting_npz_anatomy
2026-10-01T12:56:49,analyse_acting_npz,generated_subgoal_acting_d50_hh2_lh2_budget100_seed42_frac0.5,,False,results/analyse_acting_npz/20261001-125649_generated_subgoal_acting_d50_hh2_lh2_budget100_seed42_frac0.5.json,acting_npz_anatomy
2026-10-01T12:56:55,analyse_acting_npz,generated_subgoal_acting_d50_hh2_lh2_seed42_frac0.5,,False,results/analyse_acting_npz/20261001-125655_generated_subgoal_acting_d50_hh2_lh2_seed42_frac0.5.json,acting_npz_anatomy
2026-10-01T12:57:01,analyse_acting_npz,oracle_subgoal_acting_d50_hh2_lh2_budget100_seed42_frac0.5,,False,results/analyse_acting_npz/20261001-125701_oracle_subgoal_acting_d50_hh2_lh2_budget100_seed42_frac0.5.json,acting_npz_anatomy
2026-10-01T12:57:07,analyse_acting_npz,oracle_subgoal_acting_d50_hh2_lh2_budget50_seed42_frac0.5,,False,results/analyse_acting_npz/20261001-125707_oracle_subgoal_acting_d50_hh2_lh2_budget50_seed42_frac0.5.json,acting_npz_anatomy
2026-10-01T12:57:13,analyse_acting_npz,oracle_subgoal_acting_d50_hh2_lh5_seed42_frac0.5,,False,results/analyse_acting_npz/20261001-125713_oracle_subgoal_acting_d50_hh2_lh5_seed42_frac0.5.json,acting_npz_anatomy
2026-10-01T13:10:40,analyse_acting_npz,generated_subgoal_acting_d50_hh1_lh2_seed42,,False,results/analyse_acting_npz/20261001-131040_generated_subgoal_acting_d50_hh1_lh2_seed42.json,acting_npz_anatomy
2026-10-01T13:10:46,analyse_acting_npz,generated_subgoal_acting_d50_hh2_lh2_budget100_seed42,,False,results/analyse_acting_npz/20261001-131046_generated_subgoal_acting_d50_hh2_lh2_budget100_seed42.json,acting_npz_anatomy
2026-10-01T13:10:52,analyse_acting_npz,generated_subgoal_acting_d50_hh2_lh2_seed42,,False,results/analyse_acting_npz/20261001-131052_generated_subgoal_acting_d50_hh2_lh2_seed42.json,acting_npz_anatomy
2026-10-01T13:11:03,analyse_acting_npz,oracle_subgoal_acting_d50_hh2_lh2_budget100_seed42,,False,results/analyse_acting_npz/20261001-131103_oracle_subgoal_acting_d50_hh2_lh2_budget100_seed42.json,acting_npz_anatomy
2026-10-01T13:11:09,analyse_acting_npz,oracle_subgoal_acting_d50_hh2_lh2_budget50_seed42,,False,results/analyse_acting_npz/20261001-131109_oracle_subgoal_acting_d50_hh2_lh2_budget50_seed42.json,acting_npz_anatomy
2026-10-01T13:11:14,analyse_acting_npz,oracle_subgoal_acting_d50_hh2_lh5_seed42,,False,results/analyse_acting_npz/20261001-131114_oracle_subgoal_acting_d50_hh2_lh5_seed42.json,acting_npz_anatomy
