date,git_commit,checkpoint,planner_variant,d,seed,n_episodes,success_rate,config_path,source
2026-09-26,sha:bb14f7e89a2b,pusht/main/pusht_hi_lewm_epoch15_object.ckpt,hi_online_empirical_macro,50,42,50,34.0,config/eval/hi_pusht.yaml+paper_table5_overrides,colab runs_rows.csv; manifest agrees (17/50)
2026-09-26,unknown,pusht/main/pusht_hi_lewm_epoch15_object.ckpt,hi_online_plain_cem,50,42,50,36.0,config/eval/hi_pusht.yaml+paper_table5_overrides,colab runs_rows.csv; manifest agrees (18/50)
2026-09-26,unknown,pusht/main/pusht_hi_lewm_epoch15_object.ckpt,hi_online_plain_cem,50,42,4,0.0,config/eval/hi_pusht.yaml+paper_table5_overrides+eval.eval_budget=10,"timing: 10-step budget, solve-time measurement only; the rate is meaningless"
2026-09-26,unknown,pusht/main/pusht_hi_lewm_epoch15_object.ckpt,hi_online_plain_cem,50,42,50,2.0,config/eval/hi_pusht.yaml+paper_table5_overrides+eval.eval_budget=10,"timing: 10-step budget, solve-time measurement only; the rate is meaningless"
2026-09-27,unknown,pusht/main/pusht_hi_lewm_epoch15_object.ckpt,generated_staged_hh1_lh2_steps50,50,42,50,34.0,analysis/run_diagnostics.py --experiment-kind generated_subgoal_acting --high-horizon 1 --low-horizon 2,colab acting JSON; manifest agrees (17/50)
2026-09-27,unknown,pusht/main/pusht_hi_lewm_epoch15_object.ckpt,generated_staged_hh2_lh2_steps50,50,42,50,44.0,analysis/run_diagnostics.py --experiment-kind generated_subgoal_acting --high-horizon 2 --low-horizon 2,colab acting JSON; manifest agrees (22/50)
2026-09-27,unknown,pusht/main/pusht_hi_lewm_epoch15_object.ckpt,oracle_staged_hh2_lh2_steps50,50,42,50,60.0,analysis/run_diagnostics.py --experiment-kind oracle_subgoal_acting --high-horizon 2 --low-horizon 2,text-only: docs/FINDINGS.md; manifest and JSON lost
2026-09-27,unknown,pusht/main/pusht_hi_lewm_epoch15_object.ckpt,oracle_staged_hh2_lh5_steps50,50,42,50,26.0,analysis/run_diagnostics.py --experiment-kind oracle_subgoal_acting --high-horizon 2 --low-horizon 5,colab acting JSON; manifest agrees (13/50)
2026-10-01,unknown,pusht/main/pusht_hi_lewm_epoch15_object.ckpt,generated_staged_hh2_lh2_steps100,50,42,50,48.0,analysis/run_diagnostics.py --experiment-kind generated_subgoal_acting --high-horizon 2 --low-horizon 2 --max-steps 100,colab acting JSON; manifest agrees (24/50)
2026-10-01,sha:cda5c4b65f95,pusht/main/pusht_hi_lewm_epoch15_object.ckpt,hi_staged_empirical_macro,50,42,50,46.0,config/eval/hi_pusht.yaml+paper_table5_overrides,"colab runs_rows.csv; no manifest survives, so it cannot be paired"
2026-10-01,unknown,pusht/main/pusht_hi_lewm_epoch15_object.ckpt,oracle_staged_hh2_lh2_steps100,50,42,50,70.0,analysis/run_diagnostics.py --experiment-kind oracle_subgoal_acting --high-horizon 2 --low-horizon 2 --max-steps 100,colab acting JSON; manifest agrees (35/50)
2026-10-01,unknown,pusht/main/pusht_hi_lewm_epoch15_object.ckpt,oracle_staged_hh2_lh2_steps50_rerun,50,42,50,58.0,analysis/run_diagnostics.py --experiment-kind oracle_subgoal_acting --high-horizon 2 --low-horizon 2,colab acting JSON; manifest agrees (29/50)
