eval_index	episode_id	start_step	status	video_path
0	1251	35	PASS	
1	1328	1	FAIL	
2	1649	6	FAIL	
3	1702	30	FAIL	
4	1786	15	FAIL	
5	1866	12	FAIL	
6	2702	60	PASS	
7	3211	65	PASS	
8	3557	24	PASS	
9	3854	88	FAIL	
10	4341	25	PASS	
11	5115	52	FAIL	
12	6664	37	FAIL	
13	7009	39	FAIL	
14	7594	13	FAIL	
15	8267	73	PASS	
16	8338	64	FAIL	
17	8396	15	FAIL	
18	8432	7	PASS	
19	8519	31	FAIL	
20	8521	30	FAIL	
21	9692	58	PASS	
22	9945	66	PASS	
23	10169	111	FAIL	
24	10420	70	PASS	
25	10568	2	FAIL	
26	11766	73	FAIL	
27	12052	55	FAIL	
28	12219	33	FAIL	
29	12580	31	FAIL	
30	12934	38	FAIL	
31	13006	23	PASS	
32	13279	41	FAIL	
33	13528	16	PASS	
34	14008	17	FAIL	
35	14047	11	FAIL	
36	14249	23	FAIL	
37	14384	12	FAIL	
38	14451	66	FAIL	
39	14497	110	PASS	
40	15240	84	PASS	
41	15403	11	FAIL	
42	15703	66	PASS	
43	16012	55	FAIL	
44	16015	74	FAIL	
45	16310	28	FAIL	
46	16452	31	FAIL	
47	17246	56	PASS	
48	17881	64	FAIL	
49	17961	58	PASS	
